Altura(cm),Peso(kg),Edad(yr)
170,61.23492,24
160,53.523856,23
175,58.513368,36
158,47.62716,67
189,68.0388,27
180,65.317248,30
166,55.338224,21
178,72.57472,22
163,48.534344,16
159,50.802304,15
