Altura(cm),Peso(kg)
170,61.23492
160,53.523856
175,58.513368
158,47.62716
189,68.0388
180,65.317248
166,55.338224
178,72.57472
163,48.534344
159,50.802304
