Altura(mts),Peso(kg),Edad(yr)
1.70,61.23492,24
1.60,53.523856,19
1.75,58.513368,36
1.58,47.62716,17
1.89,68.0388,27
1.80,65.317248,30
1.66,55.338224,21
1.78,72.57472,25
1.63,48.534344,16
1.59,50.802304,15
