Altura(mts),Peso(kg)
1.70,61.23492
1.60,53.523856
1.75,58.513368
1.58,47.62716
1.89,68.0388
1.80,65.317248
1.66,55.338224
1.78,72.57472
1.63,48.534344
1.59,50.802304
